{
  "status": "success",
  "solution": [
    [10.8501115, 106.7725223],
    [10.8501115, 106.7725223],
    [10.8506747, 106.7725903],
    [10.8512696, 106.7726591],
    [10.8523459, 106.7728003],
    [10.8528235, 106.7728629],
    [10.8532221, 106.7729152],
    [10.8532608, 106.7728902],
    [10.8532885, 106.7725893],
    [10.8533189, 106.7725745],
    [10.8534809, 106.7726067],
    [10.8535383, 106.7726189],
    [10.8535678, 106.7725879],
    [10.8537009, 106.7716813]
  ],
  "target": [
    [106.7717175, 10.8536122],
    [106.7718707, 10.8535968],
    [106.7718413, 10.8533143],
    [106.7718095, 10.8530092],
    [106.7716564, 10.8530246],
    [106.7717175, 10.8536122]
  ]
}
